{
	"class_name" : "PinholeCameraParameters",
	"extrinsic" : 
	[
		1.0,
		-0.0,
		-0.0,
		0.0,
		-0.0,
		-0.99999722417504644,
		-0.0023561923100641211,
		0.0,
		0.0,
		0.0023561923100641211,
		-0.99999722417504644,
		0.0,
		0.30313451100812155,
		0.23950598138286058,
		1.055121582894287,
		1.0
	],
	"intrinsic" : 
	{
		"height" : 1016,
		"intrinsic_matrix" : 
		[
			879.88181024498977,
			0.0,
			0.0,
			0.0,
			879.88181024498977,
			0.0,
			923.5,
			507.5,
			1.0
		],
		"width" : 1848
	},
	"version_major" : 1,
	"version_minor" : 0
}