{
	"class_name" : "PinholeCameraParameters",
	"extrinsic" : 
	[
		0.93471684623764173,
		-0.16491390160486422,
		-0.31481394889206871,
		0.0,
		0.25088064283043493,
		-0.32122783018858048,
		0.91316569370806111,
		0.0,
		-0.2517207190768066,
		-0.93253208318523706,
		-0.25888335871132723,
		0.0,
		0.24077107823222332,
		-0.087281129679980432,
		0.18045328279179879,
		1.0
	],
	"intrinsic" : 
	{
		"height" : 1016,
		"intrinsic_matrix" : 
		[
			879.88181024498977,
			0.0,
			0.0,
			0.0,
			879.88181024498977,
			0.0,
			923.5,
			507.5,
			1.0
		],
		"width" : 1848
	},
	"version_major" : 1,
	"version_minor" : 0
}