{
	"class_name" : "PinholeCameraParameters",
	"extrinsic" : 
	[
		0.99989040101991633,
		-0.012113134630521463,
		-0.0085122216638193419,
		0.0,
		-0.0014769038040766567,
		-0.65370152214281396,
		0.75675104142863381,
		0.0,
		-0.014731079505068106,
		-0.75665553055375934,
		-0.65364776705732297,
		0.0,
		0.18971035972004827,
		0.10844398718815981,
		0.36927858074941106,
		1.0
	],
	"intrinsic" : 
	{
		"height" : 1016,
		"intrinsic_matrix" : 
		[
			879.88181024498977,
			0.0,
			0.0,
			0.0,
			879.88181024498977,
			0.0,
			923.5,
			507.5,
			1.0
		],
		"width" : 1848
	},
	"version_major" : 1,
	"version_minor" : 0
}