{
	"class_name" : "PinholeCameraParameters",
	"extrinsic" : 
	[
		0.9999189572675713,
		0.0090342685774205678,
		-0.0089699993424836207,
		0.0,
		0.011098515369771734,
		-0.96376482641983319,
		0.26652238613770485,
		0.0,
		-0.006237135041031727,
		-0.26660034011084821,
		-0.9637869872535425,
		0.0,
		0.21184890911635496,
		-0.16497347576668631,
		0.11528110398553838,
		1.0
	],
	"intrinsic" : 
	{
		"height" : 1016,
		"intrinsic_matrix" : 
		[
			879.88181024498977,
			0.0,
			0.0,
			0.0,
			879.88181024498977,
			0.0,
			923.5,
			507.5,
			1.0
		],
		"width" : 1848
	},
	"version_major" : 1,
	"version_minor" : 0
}