{
	"class_name" : "PinholeCameraParameters",
	"extrinsic" : 
	[
		0.98103823798182332,
		-0.031504296847365665,
		0.19123664632510304,
		0.0,
		-0.17037957078651883,
		-0.61050745585623112,
		0.77346716039050667,
		0.0,
		0.092383859391785006,
		-0.7913836778858313,
		-0.60429884734274797,
		0.0,
		-0.23645618766425641,
		-0.035239379200624643,
		0.50053119362075837,
		1.0
	],
	"intrinsic" : 
	{
		"height" : 1016,
		"intrinsic_matrix" : 
		[
			879.88181024498977,
			0.0,
			0.0,
			0.0,
			879.88181024498977,
			0.0,
			923.5,
			507.5,
			1.0
		],
		"width" : 1848
	},
	"version_major" : 1,
	"version_minor" : 0
}