{
	"class_name" : "PinholeCameraParameters",
	"extrinsic" : 
	[
		0.99712095005963097,
		0.0025835304973308233,
		0.075783483176404196,
		0.0,
		-0.03968990494510094,
		-0.83379562445322819,
		0.55064468406414335,
		0.0,
		0.064610544012783447,
		-0.55206718976300406,
		-0.83129254513050432,
		0.0,
		0.20217053881476349,
		-0.14269848596714516,
		0.20710527799902184,
		1.0
	],
	"intrinsic" : 
	{
		"height" : 1016,
		"intrinsic_matrix" : 
		[
			879.88181024498977,
			0.0,
			0.0,
			0.0,
			879.88181024498977,
			0.0,
			923.5,
			507.5,
			1.0
		],
		"width" : 1848
	},
	"version_major" : 1,
	"version_minor" : 0
}